{"ColombiaTV":[
{"id":"1","title":"Caracol","image":"http://tvi.une.net.co/upload/images/logos/n90x90/1074.png","url":"http://mplay.streamlive.to:1935/edge/_definst_/5y6srbcmnqnsr3h/playlist.m3u8?xs=_we_NXk2c3JiY21ucW5zcjNofDE0NTE3MTI3MTh8MTg2LjE1NS4xMzYuMTUxfDU2ODZiODBlYTY4OWZ8MmNiMWEzMWNjNDlkYWJiMzc0MDU3NWFhYmVmNGY4NjkxMzgyODY0NQ.."},
{"id":"1","title":"Caracol HD","image":"http://tvi.une.net.co/upload/images/logos/n90x90/1074.png","url":"http://146.185.16.56:8088/live/ccanalhd/playlist.m3u8?id=83320&pk=97f91c00c118abc9ac17759a7567f60675633e905f3cf47956e8267d9aae1665"},
{"id":"1","title":"Caracol HD2","image":"http://tvi.une.net.co/upload/images/logos/n90x90/1074.png","url":"rtmp://nl.iguide.to/iguide playpath=u1ggqz7x4xwa1cl swfUrl=http://cdn.iguide.to/player/secure_player_iguide_embed_token.swf pageUrl=http://www.iguide.to/ token=#ed%h0#w18623jsda6523lDGDvcx7 live=1 timeout=15"},
{"id":"1","title":"Caracol Internacional","image":"http://tvi.une.net.co/upload/images/logos/n90x90/1074.png","url":"http://lb.iptvserver.tv:8080/redirect/LiveEdge/CaracolIntSD/playlist.m3u8?token=983a3fd8c23566d5a8054406e8418983"},

{"id":"2","title":"RCN HD Oficial","image":"http://tvi.une.net.co/upload/images/logos/n90x90/1819.png","url":"http://lv13msssopsccc.4cloud.co/livercn/AppSenalRcn/playlist.m3u8"},
{"id":"2","title":"RCN HD","image":"http://tvi.une.net.co/upload/images/logos/n90x90/1819.png","url":"rtmp://181.214.35.7:19350/live/ playpath=aYGZeh65imq swfUrl=http://p.jwpcdn.com/6/12/jwplayer.flash.swf live=1 flashver=WIN/2019,0,0,185 timeout=15 token=123 swfVfy=1 pageUrl=http://www.letgo.tv/embed.php?channel=263&vw=630&vh=450"},
{"id":"2","title":"RCN HD","image":"http://tvi.une.net.co/upload/images/logos/n90x90/1819.png","url":"rtmp://37.130.226.172/live/ playPath=rcanalhd?id=83321&pk=fe215a21a158cc06070feff7a9b17669b104f065803623fe50dcdaabe87b219a swfVfy=1 timeout=10 conn=S:OK live=true swfUrl=http://www.embeducaster.com/static/scripts/fplayer.swf flashver=WIN/2019,0,0,185 pageUrl=http://www.embeducaster.com/embedplayer/rcanalhd/1/595/500"},
{"id":"2","title":"RCN","image":"http://tvi.une.net.co/upload/images/logos/n90x90/1819.png","url":"http://mplay.streamlive.to:1935/edge/_definst_/s4zznyjf3zoz0dc/playlist.m3u8?xs=_we_czR6em55amYzem96MGRjfDE0NTE3MTI5MTJ8MTg2LjE1NS4xMzYuMTUxfDU2ODZiOGQwMThiZTZ8MTQwYjlmMGJhZmEyNWVhMDNlMTdkYTY2YTQ2NTA5NWIyNDVmYTBkNA.."},

{"id":"3","title":"WinSports","image":"http://www.winsports.co/sites/default/files/pictures/imagen_usuario_default.jpg","url":"http://hlslive.lcdn.une.net.co/v1/AUTH_HLSLIVE/0001/tu1_manifest.m3u8"},
{"id":"3","title":"WinSports","image":"http://www.winsports.co/sites/default/files/pictures/imagen_usuario_default.jpg","url":"plugin://plugin.video.f4mTester/?url=http%3A%2F%2Fwinsportshds-lh.akamaihd.net%2Fz%2FwinsHDS_1%40323475%2Fmanifest.f4m%3F%26g%3DGTQIHEAVBVDI%26hdcore%3D3.6.0%26plugin%3Djwplayer-3.6.0.0%26hdcore%3D2.11.3%26g%3DYFDSUXOICEOR"},

{"id":"4","title":"Canal 13","image":"http://i.imgur.com/xFAGmVQ.png","url":"http://cdns840stu1010.multistream.net/canaltr3celive/amlst:live/playlist_b500000.m3u8"},
{"id":"5","title":"Canal Capital","image":"http://tvi.une.net.co/upload/images/logos/n90x90/938.png","url":"plugin://plugin.video.f4mTester/?url=http://cdns840stu1010.multistream.net/canalcapitallive/amlst:live/manifest.f4m"},
{"id":"6","title":"Canal UNO","image":"http://tvi.une.net.co/upload/images/logos/n90x90/1010.png","url":"http://cdns840stu1010.multistream.net/rtvcCanalUNOlive/amlst:live/master.m3u8"},
{"id":"7","title":"CityTV","image":"http://tvi.une.net.co/upload/images/logos/n90x90/1011.png","url":"http://encoder.iviplanet.com:1935/playlist?application/CityTV.m3u8"},
{"id":"8","title":"Senal Colombia","image":"http://tvi.une.net.co/upload/images/logos/n90x90/953.png","url":"http://cdns840stu1010.multistream.net/rtvc2live/amlst:scolombia/chunklist_w703121050_b500000.m3u8"},
{"id":"9","title":"Tigo Music","image":"http://tvi.une.net.co/upload/images/logos/n90x90/9099.png","url":"http://hlslive.lcdn.une.net.co/v1/AUTH_HLSLIVE/MESH/tu1_manifest.m3u8"},
{"id":"10","title":"UNE","image":"http://tvi.une.net.co/upload/images/logos/n90x90/1026.png","url":"http://hlslive.lcdn.une.net.co/v1/AUTH_HLSLIVE/UNEM/tu1_manifest.m3u8"},
{"id":"11","title":"Telecaribe HD","image":"http://tvonlinegratis.com/wp-content/uploads/2014/08/Telecaribe-Logo.jpg","url":"http://cdns840stu1010.multistream.net/telecaribelive/amlst:live/master.m3u8"},
{"id":"12","title":"Teleantioquia","image":"http://tvi.une.net.co/upload/images/logos/n90x90/1007.png","url":"http://hlslive.lcdn.une.net.co/v1/AUTH_HLSLIVE/TANT/tu1_manifest.m3u8"},
{"id":"13","title":"Telecafe","image":"http://tvi.une.net.co/upload/images/logos/n90x90/1180.png","url":"http://hlslive.lcdn.une.net.co/v1/AUTH_HLSLIVE/TCAF/tu1_manifest.m3u8"},
{"id":"14","title":"Telepacifico","image":"http://tvi.une.net.co/upload/images/logos/n90x90/1031.png","url":"plugin://plugin.video.f4mTester/?url=http://cdns840stu1010.multistream.net/telepacificolive/amlst:playback1/manifest.f4m"},
{"id":"15","title":"Telemedellin","image":"http://tvi.une.net.co/upload/images/logos/n90x90/1029.png","url":"http://hlslive.lcdn.une.net.co/v1/AUTH_HLSLIVE/TMED/tu1_manifest.m3u8"},
{"id":"16","title":"Cable Noticias","image":"http://tvi.une.net.co/upload/images/logos/n90x90/1003.png","url":"http://hlslive.lcdn.une.net.co/v1/AUTH_HLSLIVE/CNOT/tu1_manifest.m3u8"},
{"id":"17","title":"El Tiempo","image":"http://tvi.une.net.co/upload/images/logos/n90x90/1625.png","url":"http://hlslive.lcdn.une.net.co/v1/AUTH_HLSLIVE/TIEM/tu1_manifest.m3u8"},
{"id":"17","title":"NTN 24","image":"http://www.lafm.com.co/sites/default/files/imagenes/ntn24logo_1392253276.jpg","url":"http://livestream-f.akamaihd.net/13988764_4133355_e944a2781e73410ca7ba57bd4429ef65_1_1756@361288?v=3.6.0&fp=MAC 19,0,0,185&r=LGRBN&g=NFPNCIPKEGCQ"},
{"id":"18","title":"CANAL U","image":"http://tvi.une.net.co/upload/images/logos/n90x90/1025.png","url":"http://hlslive.lcdn.une.net.co/v1/AUTH_HLSLIVE/CANU/tu1_manifest.m3u8"},
{"id":"19","title":"TV Agro","image":"http://tvi.une.net.co/upload/images/logos/n90x90/1002.png","url":"http://hlslive.lcdn.une.net.co/v1/AUTH_HLSLIVE/TVAG/tu1_manifest.m3u8"},
{"id":"20","title":"Cosmovision","image":"http://tvi.une.net.co/upload/images/logos/n90x90/809.png","url":"http://hlslive.lcdn.une.net.co/v1/AUTH_HLSLIVE/COSM/tu1_manifest.m3u8"},
{"id":"21","title":"VMAS","image":"http://tvi.une.net.co/upload/images/logos/n90x90/812.png","url":"http://hlslive.lcdn.une.net.co/v1/AUTH_HLSLIVE/VMAS/tu1_manifest.m3u8"},
{"id":"22","title":"UNE Manizales","image":"http://tvi.une.net.co/upload/images/logos/n90x90/1484.png","url":"http://lcdn.une.net.co/v1/AUTH_HLSLIVE/UNEZ/tu1_manifest.m3u8"},
{"id":"22","title":"UNE Costa Caribe","image":"http://tvi.une.net.co/upload/images/logos/n90x90/26616.png","url":"http://lcdn.une.net.co/v1/AUTH_HLSLIVE/UNEQ/tu1_manifest.m3u8"},
{"id":"22","title":"UNE Armenia","image":"http://tvi.une.net.co/upload/images/logos/n90x90/26617.png","url":"http://lcdn.une.net.co/v1/AUTH_HLSLIVE/UNEA/tu1_manifest.m3u8"},
{"id":"22","title":"UNE Eventos","image":"http://tvi.une.net.co/upload/images/logos/n90x90/26631.png","url":"http://hlslive.lcdn.une.net.co/v1/AUTH_HLSLIVE/EVEN/tu1_manifest.m3u8"},
{"id":"23","title":"Televida","image":"http://tvi.une.net.co/upload/images/logos/n90x90/750.png","url":"http://hlslive.lcdn.une.net.co/v1/AUTH_HLSLIVE/TVID/tu1_manifest.m3u8"},
{"id":"24","title":"Trendy","image":"http://tvi.une.net.co/upload/images/logos/n90x90/26603.png","url":"http://hlslive.lcdn.une.net.co/v1/AUTH_HLSLIVE/TREN/tu1_manifest.m3u8"},
{"id":"25","title":"Antiestres","image":"http://tvi.une.net.co/upload/images/logos/n90x90/26604.png","url":"http://hlslive.lcdn.une.net.co/v1/AUTH_HLSLIVE/ANTI/tu1_manifest.m3u8"},
{"id":"26","title":"Cantinazo","image":"http://tvi.une.net.co/upload/images/logos/n90x90/26607.png","url":"http://hlslive.lcdn.une.net.co/v1/AUTH_HLSLIVE/CANT/tu1_manifest.m3u8"},
{"id":"27","title":"Life Design","image":"http://tvi.une.net.co/upload/images/logos/n90x90/2169.png","url":"http://hlslive.lcdn.une.net.co/v1/AUTH_HLSLIVE/LDTV/tu1_manifest.m3u8"},
{"id":"28","title":"Mi Musica HD","image":"http://tvi.une.net.co/upload/images/logos/n90x90/2214.png","url":"http://hlslive.lcdn.une.net.co/v1/AUTH_HLSLIVE/MMHD/tu1_manifest.m3u8"},
{"id":"29","title":"Mi gente","image":"http://tvi.une.net.co/upload/images/logos/n90x90/1354.png","url":"http://hlslive.lcdn.une.net.co/v1/AUTH_HLSLIVE/MGEN/tu1_manifest.m3u8"},
{"id":"30","title":"Sun Channel","image":"http://tvi.une.net.co/upload/images/logos/n90x90/771.png","url":"http://hlslive.lcdn.une.net.co/v1/AUTH_HLSLIVE/SUN/tu1_manifest.m3u8"},
{"id":"31","title":"Yes","image":"http://tvi.une.net.co/upload/images/logos/n90x90/26614.png","url":"http://hlslive.lcdn.une.net.co/v1/AUTH_HLSLIVE/YES/tu1_manifest.m3u8"},
{"id":"32","title":"Televentas MIO","image":"http://tvi.une.net.co/upload/images/logos/n90x90/26615.png","url":"http://hlslive.lcdn.une.net.co/v1/AUTH_HLSLIVE/MIOTV/tu1_manifest.m3u8"},
{"id":"33","title":"Teleamiga","image":"http://tvi.une.net.co/upload/images/logos/n90x90/798.png","url":"http://hlslive.lcdn.une.net.co/v1/AUTH_HLSLIVE/0002/tu1_manifest.m3u8"},
{"id":"34","title":"Telesur","image":"https://pbs.twimg.com/profile_images/512363760724344833/uifzDTnw.png","url":"http://cdn2.telesur.ultrabase.net/livecf/telesurLive/playlist.m3u8"},
{"id":"35","title":"Señal Institucional SD","image":"http://tvi.une.net.co/upload/images/logos/n90x90/1024.png","url":"rtmp://cdns840stu0010.multistream.net/rtvclive/live-200"},
{"id":"35","title":"Señal Institucional","image":"http://tvi.une.net.co/upload/images/logos/n90x90/1024.png","url":"rtmp://cdns840stu0010.multistream.net:1935/rtvclive/live-500"},
{"id":"36","title":"Zoom","image":"http://tvonlinegratis.com/wp-content/uploads/2014/07/ZOOM-CanalUniv-Logo.jpg","url":"http://xcanalzoomtvx.api.channel.livestream.com/3.0/playlist.m3u8"},
{"id":"40","title":"Nick HD","image":"http://tvi.une.net.co/upload/images/logos/n90x90/1811.png","url":"http://lb.iptvserver.tv:8080/redirect/LiveEdge/NickelodeonLA/playlist.m3u8?token=f0ffc3093292c19c4962b0d9e49a0a79"},
{"id":"41","title":"FOX HD","image":"http://tvi.une.net.co/upload/images/logos/n90x90/1527.png","url":"http://lb.iptvserver.tv:8080/redirect/LiveEdge/FOX1LASD/playlist.m3u8?token=cf758c7712b91ac44ac5ea2e991588c0"},
{"id":"42","title":"Discovery HD","image":"http://tvi.une.net.co/upload/images/logos/n90x90/590.png","url":"http://lb.iptvserver.tv:8080/redirect/LiveEdge/DiscoveryChLA/playlist.m3u8?token=5a6a9b43a5d3d0cbd4a119c4fcc51f60"},
{"id":"43","title":"NAT GEO HD","image":"http://tvi.une.net.co/upload/images/logos/n90x90/1019.png","url":"http://lb.iptvserver.tv:8080/redirect/LiveEdge/NatGeoLASD/playlist.m3u8?token=ff8b72af4963b9f1a40d87bca9ae839f"}
]}


"""
            http://canalesdelpueblotv.com/caracol-en-vivo-senal-01/
            http://canalesdelpueblotv.com/caracol-en-vivo-senal-02/
            http://canalesdelpueblotv.com/caracol-en-vivo-senal-03/
            http://canalesdelpueblotv.com/caracol-en-vivo-senal-04/
            http://canalesdelpueblotv.com/caracol-en-vivo-senal-05/
            http://canalesdelpueblotv.com/canal-rcn-en-vivo-senal-01/
            http://canalesdelpueblotv.com/canal-rcn-en-vivo-senal-02/
            http://canalesdelpueblotv.com/canal-rcn-en-vivo-senal-03/
            http://canalesdelpueblotv.com/canal-rcn-en-vivo-senal-04/
            http://canalesdelpueblotv.com/canal-trece-en-vivo/
            http://canalesdelpueblotv.com/citytv-en-vivo/
            http://canalesdelpueblotv.com/canal-ntn24-en-vivo/
            http://cdn.divertiendo.me/caracol1.php?width=680&height=380
            http://cdn.divertiendo.me/caracol1b.php?width=680&height=380
            http://cdn.divertiendo.me/caracol2.php?width=680&height=380
            http://cdn.divertiendo.me/caracol3.php?width=680&height=380
            http://cdn.divertiendo.me/caracol4.php?width=680&height=380
            http://cdn.divertiendo.me/rcn1.php?width=680&height=380
            http://cdn.divertiendo.me/rcn1b.php?width=680&height=380
            http://cdn.divertiendo.me/rcn2.php?width=680&height=380
            http://cdn.divertiendo.me/rcn3.php?width=680&height=380
            http://cdn.divertiendo.me/rcn4.php?width=680&height=380
            http://www.todocanales.net/senal-colombia-en-vivo-por-internet/

            """
            if lItem['url'] == "http://vipracing.info/channel/opcion-3":
                lItem['url'] = "http://vuelaverde.com/canales/caracol.html"
            inputList.curr_url = lItem['url']
