{"ColombiaTV":[
{"id":"0","title":"New version 1.0.7. Update now from http://bit.ly/ColombiaTV7","image":"http://www.mothernode.com/wp-content/uploads/2015/04/Updates.png","url":"http://bit.ly/ColombiaTV7"},
{"id":"1","title":"Caracol HD","image":"http://tvi.une.net.co/upload/images/logos/n90x90/1074.png","url":"plugin://plugin.video.colombiatv/?mode=brightcove&channelid=4229814000001"},
{"id":"1","title":"Caracol HD","image":"http://tvi.une.net.co/upload/images/logos/n90x90/1074.png","url":"plugin://plugin.video.colombiatv/?mode=fog&url=http%3A%2F%2F62.210.75.76%2Fphp%2Fcaracol1.php%3Fwidth%3D680%26height%3D380&channelid=carac0llow"},
{"id":"1","title":"Caracol HD","image":"http://tvi.une.net.co/upload/images/logos/n90x90/1074.png","url":"http://latino-webtv.ml/7878/caracol.m3u8|User-Agent=Mozilla/5.0 (Windows NT 6.1) AppleWebKit/537.36 (KHTML, like Gecko) Chrome/45.0.2454.93 Safari/537.36"},
{"id":"2","title":"RCN HD Oficial","image":"http://tvi.une.net.co/upload/images/logos/n90x90/1819.png","url":"http://lv13msssopsccc.4cloud.co/livercn/AppSenalRcn/playlist.m3u8"},
{"id":"2","title":"RCN HD","image":"http://tvi.une.net.co/upload/images/logos/n90x90/1819.png","url":"plugin://plugin.video.colombiatv/?mode=fog&url=http%3A%2F%2F62.210.75.76%2Fphp%2Frcnhd.php%3Fwidth%3D680%26height%3D380&channelid=rcnlow"},
{"id":"2","title":"RCN HD","image":"http://tvi.une.net.co/upload/images/logos/n90x90/1819.png","url":"http://latino-webtv.ml/8947/rcn.m3u8|User-Agent=Mozilla/5.0 (Windows NT 6.1) AppleWebKit/537.36 (KHTML, like Gecko) Chrome/45.0.2454.93 Safari/537.36"},
{"id":"2","title":"RCN HD2","image":"http://tvi.une.net.co/upload/images/logos/n90x90/1819.png","url":"plugin://plugin.video.colombiatv/?mode=fog&url=http%3A%2F%2F62.210.75.76%2Fphp%2Frcnhd2.php%3Fwidth%3D680%26height%3D380&channelid=rcnhd2"},
{"id":"3","title":"WinSports","image":"http://www.winsports.co/sites/default/files/pictures/imagen_usuario_default.jpg","url":"http://hlslive.lcdn.une.net.co/v1/AUTH_HLSLIVE/0001/tu1_manifest.m3u8"},
{"id":"3","title":"WinSports","image":"http://www.winsports.co/sites/default/files/pictures/imagen_usuario_default.jpg","url":"plugin://plugin.video.colombiatv/?mode=fog&url=http%3A%2F%2F62.210.75.76%2Fphp%2Fwinsports.php%3Fwidth%3D680%26height%3D380&channelid=winsports"},
{"id":"4","title":"Senal Colombia","image":"http://tvi.une.net.co/upload/images/logos/n90x90/953.png","url":"http://cdns840stu1010.multistream.net/rtvc2live/amlst:scolombia/playlist.m3u8"},
{"id":"4","title":"Senal Colombia","image":"http://tvi.une.net.co/upload/images/logos/n90x90/953.png","url":"http://173.192.25.13:1935/TELE/smil:senalcolombia.smil/canalesdelpueblotv.m3u8"},
{"id":"5","title":"CityTV","image":"http://tvi.une.net.co/upload/images/logos/n90x90/1011.png","url":"plugin://plugin.video.colombiatv/?mode=fog&url=http%3A%2F%2F62.210.75.76%2Fphp%2Fcitytv.php%3Fwidth%3D680%26height%3D380&channelid=citytv"},
{"id":"6","title":"Canal 13","image":"http://i.imgur.com/xFAGmVQ.png","url":"http://cdns840stu1010.multistream.net/canaltr3celive/amlst:live/master.m3u8"},
{"id":"7","title":"Canal Capital","image":"http://tvi.une.net.co/upload/images/logos/n90x90/938.png","url":"plugin://plugin.video.f4mTester/?url=http://cdns840stu1010.multistream.net/canalcapitallive/amlst:live/manifest.f4m"},
{"id":"7","title":"Canal Capital","image":"http://tvi.une.net.co/upload/images/logos/n90x90/938.png","url":"http://cdns840stu1010.multistream.net/canalcapitallive/amlst:live/master.m3u8"},
{"id":"8","title":"Canal UNO","image":"http://tvi.une.net.co/upload/images/logos/n90x90/1010.png","url":"http://173.192.25.13:1935/TELE/smil:canaluno.smil/canalesdelpueblotv.m3u8"},
{"id":"9","title":"Tigo Music","image":"http://tvi.une.net.co/upload/images/logos/n90x90/9099.png","url":"http://hlslive.lcdn.une.net.co/v1/AUTH_HLSLIVE/MESH/tu1_manifest.m3u8"},
{"id":"10","title":"UNE","image":"http://tvi.une.net.co/upload/images/logos/n90x90/1026.png","url":"http://hlslive.lcdn.une.net.co/v1/AUTH_HLSLIVE/UNEM/tu1_manifest.m3u8"},
{"id":"11","title":"Telecaribe HD","image":"http://tvonlinegratis.com/wp-content/uploads/2014/08/Telecaribe-Logo.jpg","url":"http://cdns840stu1010.multistream.net/telecaribelive/amlst:live/master.m3u8"},
{"id":"12","title":"Teleantioquia","image":"http://tvi.une.net.co/upload/images/logos/n90x90/1007.png","url":"http://hlslive.lcdn.une.net.co/v1/AUTH_HLSLIVE/TANT/tu1_manifest.m3u8"},
{"id":"13","title":"Telecafe","image":"http://tvi.une.net.co/upload/images/logos/n90x90/1180.png","url":"http://hlslive.lcdn.une.net.co/v1/AUTH_HLSLIVE/TCAF/tu1_manifest.m3u8"},
{"id":"14","title":"Telepacifico","image":"http://tvi.une.net.co/upload/images/logos/n90x90/1031.png","url":"plugin://plugin.video.f4mTester/?url=http://cdns840stu1010.multistream.net/telepacificolive/amlst:playback1/manifest.f4m"},
{"id":"16","title":"Canal TRO","image":"http://tvonlinegratis.com/wp-content/uploads/2014/09/Canal-Tro-Logo.jpg","url":"http://cdns840stu1010.multistream.net/canaltro2live/amlst:live/master.m3u8"},
{"id":"15","title":"Telemedellin","image":"http://tvi.une.net.co/upload/images/logos/n90x90/1029.png","url":"http://hlslive.lcdn.une.net.co/v1/AUTH_HLSLIVE/TMED/tu1_manifest.m3u8"},
{"id":"17","title":"Cable Noticias","image":"http://tvi.une.net.co/upload/images/logos/n90x90/1003.png","url":"http://hlslive.lcdn.une.net.co/v1/AUTH_HLSLIVE/CNOT/tu1_manifest.m3u8"},
{"id":"18","title":"El Tiempo","image":"http://tvi.une.net.co/upload/images/logos/n90x90/1625.png","url":"http://hlslive.lcdn.une.net.co/v1/AUTH_HLSLIVE/TIEM/tu1_manifest.m3u8"},
{"id":"19","title":"NTN 24","image":"http://www.lafm.com.co/sites/default/files/imagenes/ntn24logo_1392253276.jpg","url":"http://31.220.40.121/LiveEdge/NTN24LA/playlist.m3u8?token=667e011ada62a7e318e9ff9a1ed6b04a|User-Agent=Mozilla/5.0 (Windows NT 6.1) AppleWebKit/537.36 (KHTML, like Gecko) Chrome/45.0.2454.93 Safari/537.36"},
{"id":"19","title":"NTN 24","image":"http://www.lafm.com.co/sites/default/files/imagenes/ntn24logo_1392253276.jpg","url":"http://31.220.40.121/LiveEdge/NTN24LA/playlist.m3u8?token=ad69dec5099b8e1e3fbcb7dd139a34f2"},
{"id":"20","title":"CANAL U","image":"http://tvi.une.net.co/upload/images/logos/n90x90/1025.png","url":"http://hlslive.lcdn.une.net.co/v1/AUTH_HLSLIVE/CANU/tu1_manifest.m3u8"},
{"id":"21","title":"TV Agro","image":"http://tvi.une.net.co/upload/images/logos/n90x90/1002.png","url":"http://hlslive.lcdn.une.net.co/v1/AUTH_HLSLIVE/TVAG/tu1_manifest.m3u8"},
{"id":"22","title":"Cosmovision","image":"http://tvi.une.net.co/upload/images/logos/n90x90/809.png","url":"http://hlslive.lcdn.une.net.co/v1/AUTH_HLSLIVE/COSM/tu1_manifest.m3u8"},
{"id":"23","title":"VMAS","image":"http://tvi.une.net.co/upload/images/logos/n90x90/812.png","url":"http://hlslive.lcdn.une.net.co/v1/AUTH_HLSLIVE/VMAS/tu1_manifest.m3u8"},
{"id":"24","title":"UNE Manizales","image":"http://tvi.une.net.co/upload/images/logos/n90x90/1484.png","url":"http://lcdn.une.net.co/v1/AUTH_HLSLIVE/UNEZ/tu1_manifest.m3u8"},
{"id":"24","title":"UNE Costa Caribe","image":"http://tvi.une.net.co/upload/images/logos/n90x90/26616.png","url":"http://lcdn.une.net.co/v1/AUTH_HLSLIVE/UNEQ/tu1_manifest.m3u8"},
{"id":"24","title":"UNE Armenia","image":"http://tvi.une.net.co/upload/images/logos/n90x90/26617.png","url":"http://lcdn.une.net.co/v1/AUTH_HLSLIVE/UNEA/tu1_manifest.m3u8"},
{"id":"24","title":"UNE Eventos","image":"http://tvi.une.net.co/upload/images/logos/n90x90/26631.png","url":"http://hlslive.lcdn.une.net.co/v1/AUTH_HLSLIVE/EVEN/tu1_manifest.m3u8"},
{"id":"25","title":"Televida","image":"http://tvi.une.net.co/upload/images/logos/n90x90/750.png","url":"http://hlslive.lcdn.une.net.co/v1/AUTH_HLSLIVE/TVID/tu1_manifest.m3u8"},
{"id":"26","title":"Trendy","image":"http://tvi.une.net.co/upload/images/logos/n90x90/26603.png","url":"http://hlslive.lcdn.une.net.co/v1/AUTH_HLSLIVE/TREN/tu1_manifest.m3u8"},
{"id":"27","title":"Antiestres","image":"http://tvi.une.net.co/upload/images/logos/n90x90/26604.png","url":"http://hlslive.lcdn.une.net.co/v1/AUTH_HLSLIVE/ANTI/tu1_manifest.m3u8"},
{"id":"28","title":"Cantinazo","image":"http://tvi.une.net.co/upload/images/logos/n90x90/26607.png","url":"http://hlslive.lcdn.une.net.co/v1/AUTH_HLSLIVE/CANT/tu1_manifest.m3u8"},
{"id":"29","title":"Life Design","image":"http://tvi.une.net.co/upload/images/logos/n90x90/2169.png","url":"http://hlslive.lcdn.une.net.co/v1/AUTH_HLSLIVE/LDTV/tu1_manifest.m3u8"},
{"id":"30","title":"Mi Musica HD","image":"http://tvi.une.net.co/upload/images/logos/n90x90/2214.png","url":"http://hlslive.lcdn.une.net.co/v1/AUTH_HLSLIVE/MMHD/tu1_manifest.m3u8"},
{"id":"31","title":"Mi gente","image":"http://tvi.une.net.co/upload/images/logos/n90x90/1354.png","url":"http://hlslive.lcdn.une.net.co/v1/AUTH_HLSLIVE/MGEN/tu1_manifest.m3u8"},
{"id":"32","title":"Sun Channel","image":"http://tvi.une.net.co/upload/images/logos/n90x90/771.png","url":"http://hlslive.lcdn.une.net.co/v1/AUTH_HLSLIVE/SUN/tu1_manifest.m3u8"},
{"id":"33","title":"Yes","image":"http://tvi.une.net.co/upload/images/logos/n90x90/26614.png","url":"http://hlslive.lcdn.une.net.co/v1/AUTH_HLSLIVE/YES/tu1_manifest.m3u8"},
{"id":"34","title":"Televentas MIO","image":"http://tvi.une.net.co/upload/images/logos/n90x90/26615.png","url":"http://hlslive.lcdn.une.net.co/v1/AUTH_HLSLIVE/MIOTV/tu1_manifest.m3u8"},
{"id":"35","title":"Teleamiga","image":"http://tvi.une.net.co/upload/images/logos/n90x90/798.png","url":"http://hlslive.lcdn.une.net.co/v1/AUTH_HLSLIVE/0002/tu1_manifest.m3u8"},
{"id":"36","title":"Telesur","image":"https://pbs.twimg.com/profile_images/512363760724344833/uifzDTnw.png","url":"http://cdn2.telesur.ultrabase.net/livecf/telesurLive/playlist.m3u8"},
{"id":"37","title":"Señal Institucional SD","image":"http://tvi.une.net.co/upload/images/logos/n90x90/1024.png","url":"rtmp://cdns840stu0010.multistream.net/rtvclive/live-200"},
{"id":"38","title":"Señal Institucional","image":"http://tvi.une.net.co/upload/images/logos/n90x90/1024.png","url":"rtmp://cdns840stu0010.multistream.net:1935/rtvclive/live-500"},
{"id":"39","title":"Zoom","image":"http://tvonlinegratis.com/wp-content/uploads/2014/07/ZOOM-CanalUniv-Logo.jpg","url":"http://xcanalzoomtvx.api.channel.livestream.com/3.0/playlist.m3u8"},
{"id":"40","title":"F1 Latinoamerica","image":"http://pbs.twimg.com/profile_images/565552790559141888/6Er9L0J6.png","url":"http://200.76.77.237/LIVE/H01/CANAL511/PROFILE02.m3u8?=%2F.ts"},
{"id":"41","title":"Nick HD","image":"http://tvi.une.net.co/upload/images/logos/n90x90/1811.png","url":"http://200.76.77.237/LIVE/H01/CANAL315/PROFILE03.m3u8?=%2F.ts"}
]}
