<?xml version="1.0" encoding="UTF-8" standalone="yes"?>
<addon id="plugin.video.colombiatv"
       name="ColombiaTV"
       version="1.3.6"
       provider-name="Wiiego">
  <requires>
    <import addon="xbmc.python" version="2.1.0" />
    <import addon="script.module.simplejson" />
    <import addon="script.common.plugin.cache" version="2.5.1" />
    <import addon="script.module.parsedom" version="2.5.1" />
    <import addon="script.module.simple.downloader" version="0.9.4" />
    <import addon="script.module.beautifulsoup" version="3.2.1"/>
    <import addon="script.module.requests" />
    <import addon="script.module.httplib2" />
    <import addon="script.module.urlresolver" optional="true"/>
  </requires>
  <extension point="xbmc.python.pluginsource"
            library="default.py">
        <provides>video</provides>
  </extension>
  <extension point="xbmc.addon.metadata">
    <platform>all</platform>
    <summary lang="en">ColombiaTV</summary>
    <description lang="en">ColombiaTV is the best addon to watch the main TV Channels from Colombia</description>
    <description lang="es">ColombiaTV es el mejor addon para ver los principales canales de Televisión de Colombia</description>
  </extension>
</addon>
